<?xml version="1.0" encoding="utf-8" standalone="yes"?>
<rss version="2.0" xmlns:atom="http://www.w3.org/2005/Atom">
  <channel>
    <title>Rosie and Company - Toronto Dog Walking Service</title>
    <link>https://rosieandcompany.ca/</link>
    <description>Recent content on Rosie and Company - Toronto Dog Walking Service</description>
    <generator>Hugo -- gohugo.io</generator>
    <language>en-us</language>
    
	<atom:link href="https://rosieandcompany.ca/index.xml" rel="self" type="application/rss+xml" />
    
    
    <item>
      <title></title>
      <link>https://rosieandcompany.ca/teampage/</link>
      <pubDate>Mon, 01 Jan 0001 00:00:00 +0000</pubDate>
      
      <guid>https://rosieandcompany.ca/teampage/</guid>
      <description>{{ $header := .Site.Data.header }} {{- $logoSrc := printf &#34;images/%s&#34; $header.logo | absURL -}}   {{ .Title }} {{ if ne .Title .Site.Title }} &amp;middot; {{ .Site.Title }}{{ end }}  {{ if .Params.featuredimage }} {{ end }} {{ if .Params.description }} {{ end }}   {{ if .Scratch.Get &#34;navbarType&#34; }} {{ if eq (.Scratch.Get &#34;navbarType&#34;) &#34;transparent&#34; }}  --    {{ range $header.links }} {{ .</description>
    </item>
    
  </channel>
</rss>